"LOCATION","Country","TRANSACT","Transaction","MEASURE","Measure","TIME","Year","Unit Code","Unit","PowerCode Code","PowerCode","Reference Period Code","Reference Period","Value","Flag Codes","Flags"
"AUS","Australia","B1_GE","Gross domestic product (expenditure approach)","HVPVOB","Per head, constant prices, constant PPPs, OECD base year","2013","2013","USD","US Dollar","0","Units","2015","2015",46327.525403,,
"AUS","Australia","B1_GE","Gross domestic product (expenditure approach)","HVPVOB","Per head, constant prices, constant PPPs, OECD base year","2014","2014","USD","US Dollar","0","Units","2015","2015",46707.784352,,
"AUS","Australia","B1_GE","Gross domestic product (expenditure approach)","HVPVOB","Per head, constant prices, constant PPPs, OECD base year","2015","2015","USD","US Dollar","0","Units","2015","2015",47351.047292,,
"AUT","Austria","B1_GE","Gross domestic product (expenditure approach)","HVPVOB","Per head, constant prices, constant PPPs, OECD base year","2013","2013","USD","US Dollar","0","Units","2015","2015",50011.44564,,
"AUT","Austria","B1_GE","Gross domestic product (expenditure approach)","HVPVOB","Per head, constant prices, constant PPPs, OECD base year","2014","2014","USD","US Dollar","0","Units","2015","2015",49949.139337,,
"AUT","Austria","B1_GE","Gross domestic product (expenditure approach)","HVPVOB","Per head, constant prices, constant PPPs, OECD base year","2015","2015","USD","US Dollar","0","Units","2015","2015",49955.456118,,
"BEL","Belgium","B1_GE","Gross domestic product (expenditure approach)","HVPVOB","Per head, constant prices, constant PPPs, OECD base year","2013","2013","USD","US Dollar","0","Units","2015","2015",45047.414089,,
"BEL","Belgium","B1_GE","Gross domestic product (expenditure approach)","HVPVOB","Per head, constant prices, constant PPPs, OECD base year","2014","2014","USD","US Dollar","0","Units","2015","2015",45555.609497,,
"BEL","Belgium","B1_GE","Gross domestic product (expenditure approach)","HVPVOB","Per head, constant prices, constant PPPs, OECD base year","2015","2015","USD","US Dollar","0","Units","2015","2015",46213.262388,,
"CAN","Canada","B1_GE","Gross domestic product (expenditure approach)","HVPVOB","Per head, constant prices, constant PPPs, OECD base year","2013","2013","USD","US Dollar","0","Units","2015","2015",43816.367361,,
"CAN","Canada","B1_GE","Gross domestic product (expenditure approach)","HVPVOB","Per head, constant prices, constant PPPs, OECD base year","2014","2014","USD","US Dollar","0","Units","2015","2015",44588.134144,,
"CAN","Canada","B1_GE","Gross domestic product (expenditure approach)","HVPVOB","Per head, constant prices, constant PPPs, OECD base year","2015","2015","USD","US Dollar","0","Units","2015","2015",44671.409504,,
"CZE","Czech Republic","B1_GE","Gross domestic product (expenditure approach)","HVPVOB","Per head, constant prices, constant PPPs, OECD base year","2013","2013","USD","US Dollar","0","Units","2015","2015",31251.890507,,
"CZE","Czech Republic","B1_GE","Gross domestic product (expenditure approach)","HVPVOB","Per head, constant prices, constant PPPs, OECD base year","2014","2014","USD","US Dollar","0","Units","2015","2015",32057.520658,,
"CZE","Czech Republic","B1_GE","Gross domestic product (expenditure approach)","HVPVOB","Per head, constant prices, constant PPPs, OECD base year","2015","2015","USD","US Dollar","0","Units","2015","2015",33701.384,,
"DNK","Denmark","B1_GE","Gross domestic product (expenditure approach)","HVPVOB","Per head, constant prices, constant PPPs, OECD base year","2013","2013","USD","US Dollar","0","Units","2015","2015",47764.010709,,
"DNK","Denmark","B1_GE","Gross domestic product (expenditure approach)","HVPVOB","Per head, constant prices, constant PPPs, OECD base year","2014","2014","USD","US Dollar","0","Units","2015","2015",48279.457217,,
"DNK","Denmark","B1_GE","Gross domestic product (expenditure approach)","HVPVOB","Per head, constant prices, constant PPPs, OECD base year","2015","2015","USD","US Dollar","0","Units","2015","2015",49071.304706,,
"FIN","Finland","B1_GE","Gross domestic product (expenditure approach)","HVPVOB","Per head, constant prices, constant PPPs, OECD base year","2013","2013","USD","US Dollar","0","Units","2015","2015",42769.63636,,
"FIN","Finland","B1_GE","Gross domestic product (expenditure approach)","HVPVOB","Per head, constant prices, constant PPPs, OECD base year","2014","2014","USD","US Dollar","0","Units","2015","2015",42430.226693,,
"FIN","Finland","B1_GE","Gross domestic product (expenditure approach)","HVPVOB","Per head, constant prices, constant PPPs, OECD base year","2015","2015","USD","US Dollar","0","Units","2015","2015",42527.950728,,
"FRA","France","B1_GE","Gross domestic product (expenditure approach)","HVPVOB","Per head, constant prices, constant PPPs, OECD base year","2013","2013","USD","US Dollar","0","Units","2015","2015",40366.474079,,
"FRA","France","B1_GE","Gross domestic product (expenditure approach)","HVPVOB","Per head, constant prices, constant PPPs, OECD base year","2014","2014","USD","US Dollar","0","Units","2015","2015",40555.178916,,
"FRA","France","B1_GE","Gross domestic product (expenditure approach)","HVPVOB","Per head, constant prices, constant PPPs, OECD base year","2015","2015","USD","US Dollar","0","Units","2015","2015",40840.848298,,
"DEU","Germany","B1_GE","Gross domestic product (expenditure approach)","HVPVOB","Per head, constant prices, constant PPPs, OECD base year","2013","2013","USD","US Dollar","0","Units","2015","2015",46439.545502,,
"DEU","Germany","B1_GE","Gross domestic product (expenditure approach)","HVPVOB","Per head, constant prices, constant PPPs, OECD base year","2014","2014","USD","US Dollar","0","Units","2015","2015",47275.592052,,
"DEU","Germany","B1_GE","Gross domestic product (expenditure approach)","HVPVOB","Per head, constant prices, constant PPPs, OECD base year","2015","2015","USD","US Dollar","0","Units","2015","2015",47683.547301,,
"GRC","Greece","B1_GE","Gross domestic product (expenditure approach)","HVPVOB","Per head, constant prices, constant PPPs, OECD base year","2013","2013","USD","US Dollar","0","Units","2015","2015",26469.290835,"P","Provisional value"
"GRC","Greece","B1_GE","Gross domestic product (expenditure approach)","HVPVOB","Per head, constant prices, constant PPPs, OECD base year","2014","2014","USD","US Dollar","0","Units","2015","2015",26843.499171,"P","Provisional value"
"GRC","Greece","B1_GE","Gross domestic product (expenditure approach)","HVPVOB","Per head, constant prices, constant PPPs, OECD base year","2015","2015","USD","US Dollar","0","Units","2015","2015",26902.327613,"P","Provisional value"
"HUN","Hungary","B1_GE","Gross domestic product (expenditure approach)","HVPVOB","Per head, constant prices, constant PPPs, OECD base year","2013","2013","USD","US Dollar","0","Units","2015","2015",24521.841329,,
"HUN","Hungary","B1_GE","Gross domestic product (expenditure approach)","HVPVOB","Per head, constant prices, constant PPPs, OECD base year","2014","2014","USD","US Dollar","0","Units","2015","2015",25619.473332,,
"HUN","Hungary","B1_GE","Gross domestic product (expenditure approach)","HVPVOB","Per head, constant prices, constant PPPs, OECD base year","2015","2015","USD","US Dollar","0","Units","2015","2015",26668.040855,,
"JPN","Japan","B1_GE","Gross domestic product (expenditure approach)","HVPVOB","Per head, constant prices, constant PPPs, OECD base year","2013","2013","USD","US Dollar","0","Units","2015","2015",39699.260888,,
"JPN","Japan","B1_GE","Gross domestic product (expenditure approach)","HVPVOB","Per head, constant prices, constant PPPs, OECD base year","2014","2014","USD","US Dollar","0","Units","2015","2015",39870.253128,,
"JPN","Japan","B1_GE","Gross domestic product (expenditure approach)","HVPVOB","Per head, constant prices, constant PPPs, OECD base year","2015","2015","USD","US Dollar","0","Units","2015","2015",40406.095333,,
"POL","Poland","B1_GE","Gross domestic product (expenditure approach)","HVPVOB","Per head, constant prices, constant PPPs, OECD base year","2013","2013","USD","US Dollar","0","Units","2015","2015",24697.463922,,
"POL","Poland","B1_GE","Gross domestic product (expenditure approach)","HVPVOB","Per head, constant prices, constant PPPs, OECD base year","2014","2014","USD","US Dollar","0","Units","2015","2015",25528.970784,,
"POL","Poland","B1_GE","Gross domestic product (expenditure approach)","HVPVOB","Per head, constant prices, constant PPPs, OECD base year","2015","2015","USD","US Dollar","0","Units","2015","2015",26529.036797,,
"ESP","Spain","B1_GE","Gross domestic product (expenditure approach)","HVPVOB","Per head, constant prices, constant PPPs, OECD base year","2013","2013","USD","US Dollar","0","Units","2015","2015",33058.400736,,
"ESP","Spain","B1_GE","Gross domestic product (expenditure approach)","HVPVOB","Per head, constant prices, constant PPPs, OECD base year","2014","2014","USD","US Dollar","0","Units","2015","2015",33615.542721,,
"ESP","Spain","B1_GE","Gross domestic product (expenditure approach)","HVPVOB","Per head, constant prices, constant PPPs, OECD base year","2015","2015","USD","US Dollar","0","Units","2015","2015",34938.581464,,
"CHE","Switzerland","B1_GE","Gross domestic product (expenditure approach)","HVPVOB","Per head, constant prices, constant PPPs, OECD base year","2013","2013","USD","US Dollar","0","Units","2015","2015",63058.993166,,
"CHE","Switzerland","B1_GE","Gross domestic product (expenditure approach)","HVPVOB","Per head, constant prices, constant PPPs, OECD base year","2014","2014","USD","US Dollar","0","Units","2015","2015",63820.005293,,
"CHE","Switzerland","B1_GE","Gross domestic product (expenditure approach)","HVPVOB","Per head, constant prices, constant PPPs, OECD base year","2015","2015","USD","US Dollar","0","Units","2015","2015",63938.958241,,
"GBR","United Kingdom","B1_GE","Gross domestic product (expenditure approach)","HVPVOB","Per head, constant prices, constant PPPs, OECD base year","2013","2013","USD","US Dollar","0","Units","2015","2015",41122.005359,,
"GBR","United Kingdom","B1_GE","Gross domestic product (expenditure approach)","HVPVOB","Per head, constant prices, constant PPPs, OECD base year","2014","2014","USD","US Dollar","0","Units","2015","2015",41873.534409,,
"GBR","United Kingdom","B1_GE","Gross domestic product (expenditure approach)","HVPVOB","Per head, constant prices, constant PPPs, OECD base year","2015","2015","USD","US Dollar","0","Units","2015","2015",42522.183841,,
"CHN","China (People's Republic of)","B1_GE","Gross domestic product (expenditure approach)","HVPVOB","Per head, constant prices, constant PPPs, OECD base year","2013","2013","USD","US Dollar","0","Units","2015","2015",12698.493567,,
"CHN","China (People's Republic of)","B1_GE","Gross domestic product (expenditure approach)","HVPVOB","Per head, constant prices, constant PPPs, OECD base year","2014","2014","USD","US Dollar","0","Units","2015","2015",13554.881215,,
"CHN","China (People's Republic of)","B1_GE","Gross domestic product (expenditure approach)","HVPVOB","Per head, constant prices, constant PPPs, OECD base year","2015","2015","USD","US Dollar","0","Units","2015","2015",14419.244821,,
"COL","Colombia","B1_GE","Gross domestic product (expenditure approach)","HVPVOB","Per head, constant prices, constant PPPs, OECD base year","2013","2013","USD","US Dollar","0","Units","2015","2015",13099.970813,"E","Estimated value"
"COL","Colombia","B1_GE","Gross domestic product (expenditure approach)","HVPVOB","Per head, constant prices, constant PPPs, OECD base year","2014","2014","USD","US Dollar","0","Units","2015","2015",13563.74629,,
"COL","Colombia","B1_GE","Gross domestic product (expenditure approach)","HVPVOB","Per head, constant prices, constant PPPs, OECD base year","2015","2015","USD","US Dollar","0","Units","2015","2015",13807.774796,,
"SVN","Slovenia","B1_GE","Gross domestic product (expenditure approach)","HVPVOB","Per head, constant prices, constant PPPs, OECD base year","2013","2013","USD","US Dollar","0","Units","2015","2015",30177.1997,,
"SVN","Slovenia","B1_GE","Gross domestic product (expenditure approach)","HVPVOB","Per head, constant prices, constant PPPs, OECD base year","2014","2014","USD","US Dollar","0","Units","2015","2015",30978.654421,,
"SVN","Slovenia","B1_GE","Gross domestic product (expenditure approach)","HVPVOB","Per head, constant prices, constant PPPs, OECD base year","2015","2015","USD","US Dollar","0","Units","2015","2015",31640.32549,,
"MEX","Mexico","B1_GE","Gross domestic product (expenditure approach)","HVPVOB","Per head, constant prices, constant PPPs, OECD base year","2013","2013","USD","US Dollar","0","Units","2015","2015",17748.507152,,
"MEX","Mexico","B1_GE","Gross domestic product (expenditure approach)","HVPVOB","Per head, constant prices, constant PPPs, OECD base year","2014","2014","USD","US Dollar","0","Units","2015","2015",18044.618953,,
"MEX","Mexico","B1_GE","Gross domestic product (expenditure approach)","HVPVOB","Per head, constant prices, constant PPPs, OECD base year","2015","2015","USD","US Dollar","0","Units","2015","2015",18438.044081,,
"OECD","OECD - Total","B1_GE","Gross domestic product (expenditure approach)","HVPVOB","Per head, constant prices, constant PPPs, OECD base year","2013","2013","USD","US Dollar","0","Units","2015","2015",40022.005193,"P","Provisional value"
"OECD","OECD - Total","B1_GE","Gross domestic product (expenditure approach)","HVPVOB","Per head, constant prices, constant PPPs, OECD base year","2014","2014","USD","US Dollar","0","Units","2015","2015",40648.074716,"P","Provisional value"
"OECD","OECD - Total","B1_GE","Gross domestic product (expenditure approach)","HVPVOB","Per head, constant prices, constant PPPs, OECD base year","2015","2015","USD","US Dollar","0","Units","2015","2015",41452.953283,"P","Provisional value"
"ISR","Israel","B1_GE","Gross domestic product (expenditure approach)","HVPVOB","Per head, constant prices, constant PPPs, OECD base year","2013","2013","USD","US Dollar","0","Units","2015","2015",34717.63515,,
"ISR","Israel","B1_GE","Gross domestic product (expenditure approach)","HVPVOB","Per head, constant prices, constant PPPs, OECD base year","2014","2014","USD","US Dollar","0","Units","2015","2015",35344.745686,,
"ISR","Israel","B1_GE","Gross domestic product (expenditure approach)","HVPVOB","Per head, constant prices, constant PPPs, OECD base year","2015","2015","USD","US Dollar","0","Units","2015","2015",35449.501075,,
"NOR","Norway","B1_GE","Gross domestic product (expenditure approach)","HVPVOB","Per head, constant prices, constant PPPs, OECD base year","2013","2013","USD","US Dollar","0","Units","2015","2015",59317.974476,,
"NOR","Norway","B1_GE","Gross domestic product (expenditure approach)","HVPVOB","Per head, constant prices, constant PPPs, OECD base year","2014","2014","USD","US Dollar","0","Units","2015","2015",59815.114419,,
"NOR","Norway","B1_GE","Gross domestic product (expenditure approach)","HVPVOB","Per head, constant prices, constant PPPs, OECD base year","2015","2015","USD","US Dollar","0","Units","2015","2015",60357.280505,,
"SWE","Sweden","B1_GE","Gross domestic product (expenditure approach)","HVPVOB","Per head, constant prices, constant PPPs, OECD base year","2013","2013","USD","US Dollar","0","Units","2015","2015",46592.688049,,
"SWE","Sweden","B1_GE","Gross domestic product (expenditure approach)","HVPVOB","Per head, constant prices, constant PPPs, OECD base year","2014","2014","USD","US Dollar","0","Units","2015","2015",47400.221969,,
"SWE","Sweden","B1_GE","Gross domestic product (expenditure approach)","HVPVOB","Per head, constant prices, constant PPPs, OECD base year","2015","2015","USD","US Dollar","0","Units","2015","2015",48974.93343,,
"NLD","Netherlands","B1_GE","Gross domestic product (expenditure approach)","HVPVOB","Per head, constant prices, constant PPPs, OECD base year","2013","2013","USD","US Dollar","0","Units","2015","2015",49036.584999,,
"NLD","Netherlands","B1_GE","Gross domestic product (expenditure approach)","HVPVOB","Per head, constant prices, constant PPPs, OECD base year","2014","2014","USD","US Dollar","0","Units","2015","2015",49554.681638,,
"NLD","Netherlands","B1_GE","Gross domestic product (expenditure approach)","HVPVOB","Per head, constant prices, constant PPPs, OECD base year","2015","2015","USD","US Dollar","0","Units","2015","2015",50301.845624,,
"ZAF","South Africa","B1_GE","Gross domestic product (expenditure approach)","HVPVOB","Per head, constant prices, constant PPPs, OECD base year","2013","2013","USD","US Dollar","0","Units","2015","2015",13349.422715,,
"ZAF","South Africa","B1_GE","Gross domestic product (expenditure approach)","HVPVOB","Per head, constant prices, constant PPPs, OECD base year","2014","2014","USD","US Dollar","0","Units","2015","2015",13392.225974,,
"ZAF","South Africa","B1_GE","Gross domestic product (expenditure approach)","HVPVOB","Per head, constant prices, constant PPPs, OECD base year","2015","2015","USD","US Dollar","0","Units","2015","2015",13344.636344,,
"LUX","Luxembourg","B1_GE","Gross domestic product (expenditure approach)","HVPVOB","Per head, constant prices, constant PPPs, OECD base year","2013","2013","USD","US Dollar","0","Units","2015","2015",99615.528563,,
"LUX","Luxembourg","B1_GE","Gross domestic product (expenditure approach)","HVPVOB","Per head, constant prices, constant PPPs, OECD base year","2014","2014","USD","US Dollar","0","Units","2015","2015",101476.692692,,
"LUX","Luxembourg","B1_GE","Gross domestic product (expenditure approach)","HVPVOB","Per head, constant prices, constant PPPs, OECD base year","2015","2015","USD","US Dollar","0","Units","2015","2015",103787.967646,,
"PRT","Portugal","B1_GE","Gross domestic product (expenditure approach)","HVPVOB","Per head, constant prices, constant PPPs, OECD base year","2013","2013","USD","US Dollar","0","Units","2015","2015",28643.088368,,
"PRT","Portugal","B1_GE","Gross domestic product (expenditure approach)","HVPVOB","Per head, constant prices, constant PPPs, OECD base year","2014","2014","USD","US Dollar","0","Units","2015","2015",29025.988875,,
"PRT","Portugal","B1_GE","Gross domestic product (expenditure approach)","HVPVOB","Per head, constant prices, constant PPPs, OECD base year","2015","2015","USD","US Dollar","0","Units","2015","2015",29668.804155,,
"IDN","Indonesia","B1_GE","Gross domestic product (expenditure approach)","HVPVOB","Per head, constant prices, constant PPPs, OECD base year","2013","2013","USD","US Dollar","0","Units","2015","2015",10431.900171,,
"IDN","Indonesia","B1_GE","Gross domestic product (expenditure approach)","HVPVOB","Per head, constant prices, constant PPPs, OECD base year","2014","2014","USD","US Dollar","0","Units","2015","2015",10808.808159,,
"IDN","Indonesia","B1_GE","Gross domestic product (expenditure approach)","HVPVOB","Per head, constant prices, constant PPPs, OECD base year","2015","2015","USD","US Dollar","0","Units","2015","2015",11189.583544,,
"ITA","Italy","B1_GE","Gross domestic product (expenditure approach)","HVPVOB","Per head, constant prices, constant PPPs, OECD base year","2013","2013","USD","US Dollar","0","Units","2015","2015",36676.764838,,
"ITA","Italy","B1_GE","Gross domestic product (expenditure approach)","HVPVOB","Per head, constant prices, constant PPPs, OECD base year","2014","2014","USD","US Dollar","0","Units","2015","2015",36589.003612,,
"ITA","Italy","B1_GE","Gross domestic product (expenditure approach)","HVPVOB","Per head, constant prices, constant PPPs, OECD base year","2015","2015","USD","US Dollar","0","Units","2015","2015",36909.296843,,
"USA","United States","B1_GE","Gross domestic product (expenditure approach)","HVPVOB","Per head, constant prices, constant PPPs, OECD base year","2013","2013","USD","US Dollar","0","Units","2015","2015",54590.098003,,
"USA","United States","B1_GE","Gross domestic product (expenditure approach)","HVPVOB","Per head, constant prices, constant PPPs, OECD base year","2014","2014","USD","US Dollar","0","Units","2015","2015",55565.83622,,
"USA","United States","B1_GE","Gross domestic product (expenditure approach)","HVPVOB","Per head, constant prices, constant PPPs, OECD base year","2015","2015","USD","US Dollar","0","Units","2015","2015",56770.417349,,
"KOR","Korea","B1_GE","Gross domestic product (expenditure approach)","HVPVOB","Per head, constant prices, constant PPPs, OECD base year","2013","2013","USD","US Dollar","0","Units","2015","2015",36142.703611,,
"KOR","Korea","B1_GE","Gross domestic product (expenditure approach)","HVPVOB","Per head, constant prices, constant PPPs, OECD base year","2014","2014","USD","US Dollar","0","Units","2015","2015",37066.420026,,
"KOR","Korea","B1_GE","Gross domestic product (expenditure approach)","HVPVOB","Per head, constant prices, constant PPPs, OECD base year","2015","2015","USD","US Dollar","0","Units","2015","2015",37907.460937,,
"ISL","Iceland","B1_GE","Gross domestic product (expenditure approach)","HVPVOB","Per head, constant prices, constant PPPs, OECD base year","2013","2013","USD","US Dollar","0","Units","2015","2015",46677.749041,,
"ISL","Iceland","B1_GE","Gross domestic product (expenditure approach)","HVPVOB","Per head, constant prices, constant PPPs, OECD base year","2014","2014","USD","US Dollar","0","Units","2015","2015",47125.925829,,
"ISL","Iceland","B1_GE","Gross domestic product (expenditure approach)","HVPVOB","Per head, constant prices, constant PPPs, OECD base year","2015","2015","USD","US Dollar","0","Units","2015","2015",48856.560901,,
"TUR","Turkey","B1_GE","Gross domestic product (expenditure approach)","HVPVOB","Per head, constant prices, constant PPPs, OECD base year","2013","2013","USD","US Dollar","0","Units","2015","2015",23687.091663,,
"TUR","Turkey","B1_GE","Gross domestic product (expenditure approach)","HVPVOB","Per head, constant prices, constant PPPs, OECD base year","2014","2014","USD","US Dollar","0","Units","2015","2015",24577.201032,,
"TUR","Turkey","B1_GE","Gross domestic product (expenditure approach)","HVPVOB","Per head, constant prices, constant PPPs, OECD base year","2015","2015","USD","US Dollar","0","Units","2015","2015",25727.604649,,
"CHL","Chile","B1_GE","Gross domestic product (expenditure approach)","HVPVOB","Per head, constant prices, constant PPPs, OECD base year","2013","2013","USD","US Dollar","0","Units","2015","2015",22199.345149,,
"CHL","Chile","B1_GE","Gross domestic product (expenditure approach)","HVPVOB","Per head, constant prices, constant PPPs, OECD base year","2014","2014","USD","US Dollar","0","Units","2015","2015",22342.617909,,
"CHL","Chile","B1_GE","Gross domestic product (expenditure approach)","HVPVOB","Per head, constant prices, constant PPPs, OECD base year","2015","2015","USD","US Dollar","0","Units","2015","2015",22593.272962,,
"NZL","New Zealand","B1_GE","Gross domestic product (expenditure approach)","HVPVOB","Per head, constant prices, constant PPPs, OECD base year","2013","2013","USD","US Dollar","0","Units","2015","2015",35799.520196,,
"NZL","New Zealand","B1_GE","Gross domestic product (expenditure approach)","HVPVOB","Per head, constant prices, constant PPPs, OECD base year","2014","2014","USD","US Dollar","0","Units","2015","2015",36445.35946,,
"NZL","New Zealand","B1_GE","Gross domestic product (expenditure approach)","HVPVOB","Per head, constant prices, constant PPPs, OECD base year","2015","2015","USD","US Dollar","0","Units","2015","2015",37158.228941,,
"SVK","Slovak Republic","B1_GE","Gross domestic product (expenditure approach)","HVPVOB","Per head, constant prices, constant PPPs, OECD base year","2013","2013","USD","US Dollar","0","Units","2015","2015",27838.323664,,
"SVK","Slovak Republic","B1_GE","Gross domestic product (expenditure approach)","HVPVOB","Per head, constant prices, constant PPPs, OECD base year","2014","2014","USD","US Dollar","0","Units","2015","2015",28575.226455,,
"SVK","Slovak Republic","B1_GE","Gross domestic product (expenditure approach)","HVPVOB","Per head, constant prices, constant PPPs, OECD base year","2015","2015","USD","US Dollar","0","Units","2015","2015",29932.196336,,
"IRL","Ireland","B1_GE","Gross domestic product (expenditure approach)","HVPVOB","Per head, constant prices, constant PPPs, OECD base year","2013","2013","USD","US Dollar","0","Units","2015","2015",51725.321168,,
"IRL","Ireland","B1_GE","Gross domestic product (expenditure approach)","HVPVOB","Per head, constant prices, constant PPPs, OECD base year","2014","2014","USD","US Dollar","0","Units","2015","2015",55760.074432,,
"IRL","Ireland","B1_GE","Gross domestic product (expenditure approach)","HVPVOB","Per head, constant prices, constant PPPs, OECD base year","2015","2015","USD","US Dollar","0","Units","2015","2015",69147.029059,,
"EST","Estonia","B1_GE","Gross domestic product (expenditure approach)","HVPVOB","Per head, constant prices, constant PPPs, OECD base year","2013","2013","USD","US Dollar","0","Units","2015","2015",27925.613049,,
"EST","Estonia","B1_GE","Gross domestic product (expenditure approach)","HVPVOB","Per head, constant prices, constant PPPs, OECD base year","2014","2014","USD","US Dollar","0","Units","2015","2015",28856.01424,,
"EST","Estonia","B1_GE","Gross domestic product (expenditure approach)","HVPVOB","Per head, constant prices, constant PPPs, OECD base year","2015","2015","USD","US Dollar","0","Units","2015","2015",29444.318328,,
"IND","India","B1_GE","Gross domestic product (expenditure approach)","HVPVOB","Per head, constant prices, constant PPPs, OECD base year","2013","2013","USD","US Dollar","0","Units","2015","2015",5526.665216,,
"IND","India","B1_GE","Gross domestic product (expenditure approach)","HVPVOB","Per head, constant prices, constant PPPs, OECD base year","2014","2014","USD","US Dollar","0","Units","2015","2015",5861.239789,,
"IND","India","B1_GE","Gross domestic product (expenditure approach)","HVPVOB","Per head, constant prices, constant PPPs, OECD base year","2015","2015","USD","US Dollar","0","Units","2015","2015",6260.1356,,
"EU28","European Union (28 countries)","B1_GE","Gross domestic product (expenditure approach)","HVPVOB","Per head, constant prices, constant PPPs, OECD base year","2013","2013","USD","US Dollar","0","Units","2015","2015",37418.880201,,
"EU28","European Union (28 countries)","B1_GE","Gross domestic product (expenditure approach)","HVPVOB","Per head, constant prices, constant PPPs, OECD base year","2014","2014","USD","US Dollar","0","Units","2015","2015",37983.226561,,
"EU28","European Union (28 countries)","B1_GE","Gross domestic product (expenditure approach)","HVPVOB","Per head, constant prices, constant PPPs, OECD base year","2015","2015","USD","US Dollar","0","Units","2015","2015",38763.691608,,
"RUS","Russia","B1_GE","Gross domestic product (expenditure approach)","HVPVOB","Per head, constant prices, constant PPPs, OECD base year","2013","2013","USD","US Dollar","0","Units","2015","2015",24942.790279,"E","Estimated value"
"RUS","Russia","B1_GE","Gross domestic product (expenditure approach)","HVPVOB","Per head, constant prices, constant PPPs, OECD base year","2014","2014","USD","US Dollar","0","Units","2015","2015",24682.646531,,
"RUS","Russia","B1_GE","Gross domestic product (expenditure approach)","HVPVOB","Per head, constant prices, constant PPPs, OECD base year","2015","2015","USD","US Dollar","0","Units","2015","2015",24061.099218,,
"LVA","Latvia","B1_GE","Gross domestic product (expenditure approach)","HVPVOB","Per head, constant prices, constant PPPs, OECD base year","2013","2013","USD","US Dollar","0","Units","2015","2015",23181.345602,,
"LVA","Latvia","B1_GE","Gross domestic product (expenditure approach)","HVPVOB","Per head, constant prices, constant PPPs, OECD base year","2014","2014","USD","US Dollar","0","Units","2015","2015",23845.222075,,
"LVA","Latvia","B1_GE","Gross domestic product (expenditure approach)","HVPVOB","Per head, constant prices, constant PPPs, OECD base year","2015","2015","USD","US Dollar","0","Units","2015","2015",24833.612206,,
"BRA","Brazil","B1_GE","Gross domestic product (expenditure approach)","HVPVOB","Per head, constant prices, constant PPPs, OECD base year","2013","2013","USD","US Dollar","0","Units","2015","2015",16677.388855,,
"BRA","Brazil","B1_GE","Gross domestic product (expenditure approach)","HVPVOB","Per head, constant prices, constant PPPs, OECD base year","2014","2014","USD","US Dollar","0","Units","2015","2015",16619.066855,,
"BRA","Brazil","B1_GE","Gross domestic product (expenditure approach)","HVPVOB","Per head, constant prices, constant PPPs, OECD base year","2015","2015","USD","US Dollar","0","Units","2015","2015",15891.287814,,
"LTU","Lithuania","B1_GE","Gross domestic product (expenditure approach)","HVPVOB","Per head, constant prices, constant PPPs, OECD base year","2013","2013","USD","US Dollar","0","Units","2015","2015",26805.03705,,
"LTU","Lithuania","B1_GE","Gross domestic product (expenditure approach)","HVPVOB","Per head, constant prices, constant PPPs, OECD base year","2014","2014","USD","US Dollar","0","Units","2015","2015",27984.940671,,
"LTU","Lithuania","B1_GE","Gross domestic product (expenditure approach)","HVPVOB","Per head, constant prices, constant PPPs, OECD base year","2015","2015","USD","US Dollar","0","Units","2015","2015",28823.805581,,
"SAU","Saudi Arabia","B1_GE","Gross domestic product (expenditure approach)","HVPVOB","Per head, constant prices, constant PPPs, OECD base year","2013","2013","USD","US Dollar","0","Units","2015","2015",52905.346326,,
"SAU","Saudi Arabia","B1_GE","Gross domestic product (expenditure approach)","HVPVOB","Per head, constant prices, constant PPPs, OECD base year","2014","2014","USD","US Dollar","0","Units","2015","2015",53354.815496,,
"SAU","Saudi Arabia","B1_GE","Gross domestic product (expenditure approach)","HVPVOB","Per head, constant prices, constant PPPs, OECD base year","2015","2015","USD","US Dollar","0","Units","2015","2015",54172.110832,,
"EA19","Euro area (19 countries)","B1_GE","Gross domestic product (expenditure approach)","HVPVOB","Per head, constant prices, constant PPPs, OECD base year","2013","2013","USD","US Dollar","0","Units","2015","2015",39900.145127,,
"EA19","Euro area (19 countries)","B1_GE","Gross domestic product (expenditure approach)","HVPVOB","Per head, constant prices, constant PPPs, OECD base year","2014","2014","USD","US Dollar","0","Units","2015","2015",40372.223988,,
"EA19","Euro area (19 countries)","B1_GE","Gross domestic product (expenditure approach)","HVPVOB","Per head, constant prices, constant PPPs, OECD base year","2015","2015","USD","US Dollar","0","Units","2015","2015",41099.807875,,
"ARG","Argentina","B1_GE","Gross domestic product (expenditure approach)","HVPVOB","Per head, constant prices, constant PPPs, OECD base year","2013","2013","USD","US Dollar","0","Units","2015","2015",20972.806728,,
"ARG","Argentina","B1_GE","Gross domestic product (expenditure approach)","HVPVOB","Per head, constant prices, constant PPPs, OECD base year","2014","2014","USD","US Dollar","0","Units","2015","2015",20222.277954,,
"ARG","Argentina","B1_GE","Gross domestic product (expenditure approach)","HVPVOB","Per head, constant prices, constant PPPs, OECD base year","2015","2015","USD","US Dollar","0","Units","2015","2015",20551.833194,,
"CRI","Costa Rica","B1_GE","Gross domestic product (expenditure approach)","HVPVOB","Per head, constant prices, constant PPPs, OECD base year","2013","2013","USD","US Dollar","0","Units","2015","2015",14976.883906,,
"CRI","Costa Rica","B1_GE","Gross domestic product (expenditure approach)","HVPVOB","Per head, constant prices, constant PPPs, OECD base year","2014","2014","USD","US Dollar","0","Units","2015","2015",15307.398465,,
"CRI","Costa Rica","B1_GE","Gross domestic product (expenditure approach)","HVPVOB","Per head, constant prices, constant PPPs, OECD base year","2015","2015","USD","US Dollar","0","Units","2015","2015",15669.546565,,
"BGR","Bulgaria","B1_GE","Gross domestic product (expenditure approach)","HVPVOB","Per head, constant prices, constant PPPs, OECD base year","2013","2013","USD","US Dollar","0","Units","2015","2015",17102.811405,"P","Provisional value"
"BGR","Bulgaria","B1_GE","Gross domestic product (expenditure approach)","HVPVOB","Per head, constant prices, constant PPPs, OECD base year","2014","2014","USD","US Dollar","0","Units","2015","2015",17526.166508,"P","Provisional value"
"BGR","Bulgaria","B1_GE","Gross domestic product (expenditure approach)","HVPVOB","Per head, constant prices, constant PPPs, OECD base year","2015","2015","USD","US Dollar","0","Units","2015","2015",18342.039892,"P","Provisional value"
"CYP","Cyprus","B1_GE","Gross domestic product (expenditure approach)","HVPVOB","Per head, constant prices, constant PPPs, OECD base year","2013","2013","USD","US Dollar","0","Units","2015","2015",30751.453443,,
"CYP","Cyprus","B1_GE","Gross domestic product (expenditure approach)","HVPVOB","Per head, constant prices, constant PPPs, OECD base year","2014","2014","USD","US Dollar","0","Units","2015","2015",30512.327594,,
"CYP","Cyprus","B1_GE","Gross domestic product (expenditure approach)","HVPVOB","Per head, constant prices, constant PPPs, OECD base year","2015","2015","USD","US Dollar","0","Units","2015","2015",31722.290647,,
"MLT","Malta","B1_GE","Gross domestic product (expenditure approach)","HVPVOB","Per head, constant prices, constant PPPs, OECD base year","2013","2013","USD","US Dollar","0","Units","2015","2015",31344.571024,,
"MLT","Malta","B1_GE","Gross domestic product (expenditure approach)","HVPVOB","Per head, constant prices, constant PPPs, OECD base year","2014","2014","USD","US Dollar","0","Units","2015","2015",33412.383152,,
"MLT","Malta","B1_GE","Gross domestic product (expenditure approach)","HVPVOB","Per head, constant prices, constant PPPs, OECD base year","2015","2015","USD","US Dollar","0","Units","2015","2015",36174.640577,,
"HRV","Croatia","B1_GE","Gross domestic product (expenditure approach)","HVPVOB","Per head, constant prices, constant PPPs, OECD base year","2013","2013","USD","US Dollar","0","Units","2015","2015",22180.574103,,
"HRV","Croatia","B1_GE","Gross domestic product (expenditure approach)","HVPVOB","Per head, constant prices, constant PPPs, OECD base year","2014","2014","USD","US Dollar","0","Units","2015","2015",22237.521578,,
"HRV","Croatia","B1_GE","Gross domestic product (expenditure approach)","HVPVOB","Per head, constant prices, constant PPPs, OECD base year","2015","2015","USD","US Dollar","0","Units","2015","2015",22895.352447,,
"ROU","Romania","B1_GE","Gross domestic product (expenditure approach)","HVPVOB","Per head, constant prices, constant PPPs, OECD base year","2013","2013","USD","US Dollar","0","Units","2015","2015",19964.138761,,
"ROU","Romania","B1_GE","Gross domestic product (expenditure approach)","HVPVOB","Per head, constant prices, constant PPPs, OECD base year","2014","2014","USD","US Dollar","0","Units","2015","2015",20719.963196,,
"ROU","Romania","B1_GE","Gross domestic product (expenditure approach)","HVPVOB","Per head, constant prices, constant PPPs, OECD base year","2015","2015","USD","US Dollar","0","Units","2015","2015",21627.198095,,
"CPV","Cabo Verde","B1_GE","Gross domestic product (expenditure approach)","HVPVOB","Per head, constant prices, constant PPPs, OECD base year","2013","2013","USD","US Dollar","0","Units","2015","2015",6350.768362,,
"CPV","Cabo Verde","B1_GE","Gross domestic product (expenditure approach)","HVPVOB","Per head, constant prices, constant PPPs, OECD base year","2014","2014","USD","US Dollar","0","Units","2015","2015",6312.74308,,
"CPV","Cabo Verde","B1_GE","Gross domestic product (expenditure approach)","HVPVOB","Per head, constant prices, constant PPPs, OECD base year","2015","2015","USD","US Dollar","0","Units","2015","2015",6298.818464,,
"MKD","North Macedonia","B1_GE","Gross domestic product (expenditure approach)","HVPVOB","Per head, constant prices, constant PPPs, OECD base year","2013","2013","USD","US Dollar","0","Units","2015","2015",12946.48377,"E","Estimated value"
"MKD","North Macedonia","B1_GE","Gross domestic product (expenditure approach)","HVPVOB","Per head, constant prices, constant PPPs, OECD base year","2014","2014","USD","US Dollar","0","Units","2015","2015",13394.069896,"E","Estimated value"
"MKD","North Macedonia","B1_GE","Gross domestic product (expenditure approach)","HVPVOB","Per head, constant prices, constant PPPs, OECD base year","2015","2015","USD","US Dollar","0","Units","2015","2015",13891.9988,"E","Estimated value"
"ZMB","Zambia","B1_GE","Gross domestic product (expenditure approach)","HVPVOB","Per head, constant prices, constant PPPs, OECD base year","2013","2013","USD","US Dollar","0","Units","2015","2015",3808.453995,,
"ZMB","Zambia","B1_GE","Gross domestic product (expenditure approach)","HVPVOB","Per head, constant prices, constant PPPs, OECD base year","2014","2014","USD","US Dollar","0","Units","2015","2015",3867.688529,,
"ZMB","Zambia","B1_GE","Gross domestic product (expenditure approach)","HVPVOB","Per head, constant prices, constant PPPs, OECD base year","2015","2015","USD","US Dollar","0","Units","2015","2015",3862.128452,,
